first_name,last_name,country
Katherine,Lusane,Colombia
Troy,Baker,Ireland
Melissa,Hirata,Bulgaria
Maryjane,Hamilton,Italy
Danielle,Mason,Bulgaria
Ernestine,Stills,Colombia
Ronald,Cummings,Latvia
Carlos,Moncada,Malta
Shameka,Moncada,Malta
Milton,Campos,Ireland
Phyllis,Ferree,Latvia
Carmine,Lawson,Czech Republic
Ernestine,Hays,Italy
Joyce,Carns,Jamaica
Constance,Meier,United Kingdom
Melissa,Webster,Czech Republic
Janet,Whitmire,Bulgaria
Dorothy,Elliott,Ireland
Harold,Candelaria,Turkey
Jason,Oliver,Indonesia
Yvette,Perkins,Hungary
Gerald,Cobb,Greece
Charlie,Robinson,Jamaica
Jimmie,Tyre,Turkey
Virgilio,Nowakowski,Jamaica
Maria,Blair,Colombia
Catherine,Harb,Honduras
Ronald,Harper,Japan
Jimmie,Demik,Brazil
Jessica,Cherry,Malta
Micheal,Richards,Czech Republic
Billy,Blanchard,Costa Rica
Kelsey,Slaughter,Hungary
Virgilio,Shelton,Malta
Steven,Perkins,Belgium
Danielle,Ross,Costa Rica
Jimmie,Fennell,Brazil
Carlos,Nunmaker,Ireland
Elizabeth,Buono,Japan
Trina,Richards,Colombia
Kaye,Holmes,Cyprus
Pamela,Wilson,Ireland
Elizabeth,Guerrero,Jamaica
Elmer,Schuler,Ireland
Ernesto,Guerriero,Syria
Lucille,Tropea,Latvia
Dorothy,Moncada,Czech Republic
Joshua,Blizzard,Belgium
Mary,Austin,Japan
Tina,Salas,Honduras
Gerald,Demik,Lithuania
Andrea,Hurst,Latvia
Carmine,Steward,Jamaica
Kenneth,Wilson,Belgium
Christopher,Roach,Brazil
Kelly,Bishop,Jamaica
Lucille,Hirata,Italy
Jimmie,Moon,Italy
Constance,Chrisman,Turkey
Pauline,Knowles,Mexico
Trina,Deal,Bulgaria
Charles,Sizemore,Malta
Andrea,Price,Greece
Billy,Childs,Hungary
Troy,Wenk,Australia
Gail,Harper,Bulgaria
Thomas,Tesoro,Belgium
Victoria,Morrison,Cyprus
Gail,Godfrey,Belgium
John,Siebenaler,Bulgaria
Shameka,Acosta,Turkey
Mark,Guerra,Ireland
Harold,Denny,Brazil
Marc,Burkette,Mexico
Clifford,Kirkpatrick,India
Ronnie,Pellerin,Syria
Troy,Hearnsberger,Latvia
Mary,Sumpter,Colombia
John,Walker,Luxembourg
Lucille,Follick,Guatemala
Troy,Hernandez,Lithuania
Brian,Morris,Australia
Pamela,Robinson,Jamaica
Owen,Speakman,Italy
Charles,Boston,Luxembourg
Kristen,Carey,Turkey
Margaret,Middleton,Hungary
Kelly,Heinlein,Lithuania
Mark,Lee,United Kingdom
Michael,Webster,Bulgaria
Brian,Little,Italy
Esther,Noel,Belgium
Kelsey,Paine,Japan
Yvette,Kelley,Cyprus
April,Boston,Malta
Paul,Jones,United Kingdom
Maryjane,Woods,Ireland
Ryan,Cherry,Lithuania
Charles,Gailes,Cyprus
Florence,Okafor,Hungary
Carlos,Santana,Italy
Carmine,Shelton,United Kingdom
Edward,Howard,Mexico
Milton,Marshall,Ireland
Michael,Rothenberg,Jamaica
Esther,Cummings,Latvia
Catherine,Manning,Syria
Gaynell,Lally,Belgium
Alicia,Ballinger,United States
Thomas,Daley,Mexico
Ryan,Albino,United Kingdom
Elmer,Atkinson,Ireland
Andrea,Siebenaler,Italy
Gail,Tesoro,Belgium
Janet,Lawson,Guatemala
Phyllis,Fulmer,Costa Rica
Esther,Nelson,Japan
Mark,Smart,India
Paul,Childs,Lithuania
Kris,Anderson,Honduras
Carlos,Salas,Latvia
Kathryn,Jackson,Lithuania
Trina,Draper,Indonesia
Esther,Roach,Czech Republic
Ryan,Holmes,Guatemala
Michael,Tesch,Mexico
Shameka,Gustafson,Costa Rica
Lydia,Papen,Malta
Joel,Petrson,Jamaica
Virginia,Simmons,Belgium
Kathleen,Costa,Malta
Kristen,Liggett,Mexico
Ronnie,Lally,United Kingdom
Milton,Davis,Colombia
Kris,Toth,Brazil
Gail,Watkins,Brazil
Ernesto,Downs,United States
Catherine,Chance,United States
Alicia,Morgan,Latvia
Billy,Carroll,Belgium
Troy,Hall,Czech Republic
Elmer,Lamkin,Lithuania
Ronnie,Guglielmi,United States
Terrence,Aguilar,Ireland
Steven,Wright,Luxembourg
Oscar,Steward,Cyprus
Robert,Evans,Belgium
Christopher,Tyre,Syria
Catherine,Perry,Jamaica
Joyce,Hines,Costa Rica
Kelsey,Gang,Syria
Yvette,Pollard,Mexico
Gail,Murphy,Hungary
Carmine,Richards,Australia
Mary,Ramsey,Latvia
Carmine,Liggett,Belgium
Christopher,Lucas,Malta
Billy,Okafor,Belgium
Janet,Skinner,Japan
Virgilio,Shelton,Italy
Ryan,Sprague,Syria
Brian,Sumpter,Ireland
Virginia,Shoemaker,Brazil
Elmer,Lusane,United States
David,Ferrara,Turkey
Yvette,Dalley,Ireland
Ronnie,Smith,Japan
Adam,Lucas,Syria
Kristen,Eatmon,United States
Jimmie,Hopkins,Guatemala
Harold,Holmes,Malta
Oscar,Svec,Lithuania
Micheal,Flores,Cyprus
Alicia,Arneson,Bulgaria
Eric,Daley,Luxembourg
Florence,Lozano,Malta
Andrea,Davis,Luxembourg
Joyce,Nichols,Hungary
Joyce,Whitmire,India
Micheal,Lamoreaux,India
Donte,Mason,Hungary
Gerald,Holcombe,Latvia
Janet,Negron,Cyprus
Danielle,Winters,Ireland
Maryjane,Blair,Guatemala
Harold,Manning,Turkey
Florence,Wizar,United Kingdom
Robert,Melvin,Guatemala
Kelly,Berger,Ireland
Alicia,Morgan,Czech Republic
Pauline,Aguayo,Latvia
Tristan,Bell,Luxembourg
Christopher,Sharp,Italy
Andrea,Mendoza,Lithuania
Joyce,Lamar,Belgium
Mark,Mills,United Kingdom
Ryan,Makins,Lithuania
Jessica,Cornelius,Luxembourg
Terrence,Harris,Belgium
Jimmie,Lamkin,India
Terrence,Herring,Hungary
Clifford,Schindler,Colombia
Norma,Jacobs,Italy
Troy,Evins,United States
Gerald,Sousa,Greece
Paul,Martinez,Cyprus
Ernestine,Lyons,Cyprus
Elmer,Stripling,Lithuania
Maryjane,Roberts,India
John,Kincer,Honduras
Gaynell,Lalley,Bulgaria
Ernesto,Hahn,Japan
Owen,Elliott,Indonesia
April,Gummer,Guatemala
Kathleen,Tice,United States
Kathleen,Boston,Indonesia
Tina,Ramirez,United States
Andrea,Strickland,India
Michele,Botto,Guatemala
Kaye,Tuggle,Guatemala
Brian,White,Honduras
Ronald,Kincer,Italy
Kim,Caldeira,Luxembourg
Norma,Tuggle,Italy
Pauline,Schneider,Japan
Melissa,Carey,Cyprus
Paul,Guerrero,United Kingdom
Kristen,Aguayo,Ireland
Lisa,Herring,Bulgaria
Charlie,Seley,Czech Republic
Elizabeth,Sullivan,Costa Rica
Milton,Perry,Brazil
Troy,Barker,Honduras
Trina,Chinn,Mexico
Lucille,Vaillancourt,Bulgaria
April,Hankin,Ireland
Gerald,Fennell,Colombia
Katherine,Williamson,Guatemala
Billy,Lalley,Bulgaria
Joyce,Middleton,Ireland
Maria,Ross,India
Conrad,Whitmer,United States
Adam,Ines,Hungary
Michael,Hamilton,Syria
David,Alvarado,India
Alicia,Luker,Luxembourg
Edward,Perry,Mexico
Mary,Little,Lithuania
Trina,Caldeira,Costa Rica
Ernesto,Limbrick,Ireland
Joshua,Morgan,India
Alicia,Milner,Brazil
Thomas,Huff,United States
Steven,Boykins,Indonesia
Troy,Gummer,Lithuania
Edward,Skinner,Cyprus
Edward,Aguayo,Belgium
Shameka,Langhans,Japan
Robert,Priest,Ireland
James,Pollard,Costa Rica
Billy,Luker,Ireland
Valene,Denny,Cyprus
Maryjane,Wright,Cyprus
Carmine,Gonzalez,India
Selma,Babcock,Malta
Norma,Luker,Cyprus
Norma,Downs,Guatemala
April,Smith,Mexico
Edward,Kiger,Ireland
Lisa,Knudsen,United States
Lucille,Aguilar,Latvia
Carmine,Tyre,Ireland
Ronald,Ramirez,Honduras
Valene,Carey,Colombia
Ronnie,Martinez,United States
Willie,Knowles,Australia
Virgilio,Martinez,Honduras
Melissa,Zuniga,Belgium
Carlos,Burns,Costa Rica
Norma,Hahn,Luxembourg
Kaye,Haynes,Malta
Virgilio,Campos,Cyprus
Carlos,Barnes,India
Justin,Riggle,India
Trina,Deal,Latvia
Owen,Harper,Mexico
Valene,Siddique,Brazil
Danielle,Harper,Turkey
Shameka,Tesch,Italy
James,Lawhorne,Belgium
Maryjane,Arneson,Lithuania
Michele,Norman,Belgium
Esther,Pelton,Mexico
Charlie,Priest,Bulgaria
Charlie,Lawhorne,Guatemala
Dorothy,Schneider,Costa Rica
Justin,Ash,Belgium
David,Acosta,Bulgaria
Andrea,Carlson,Colombia
Jamie,Christensen,Australia
Jason,Esparza,Indonesia
Constance,Lewis,Hungary
Dorothy,Pua,Mexico
Virgilio,Austin,Mexico
Micheal,Moncada,Brazil
Pamela,Lawson,Ireland
Steven,Denman,Colombia
Kelsey,Fennell,United States
Charlie,Jaramillo,Japan
Billy,Hodgkins,Honduras
Mark,Brooks,Greece
Kelsey,Okafor,United Kingdom
Catherine,Battis,Mexico
Owen,Riggle,Guatemala
Kelsey,Pollard,Bulgaria
Kristen,Carns,Brazil
Paul,Cummings,Bulgaria
Gerry,Deal,Colombia
Kim,Mullins,United States
Troy,Kiger,Italy
Michele,Sizemore,Luxembourg
Lisa,Johnson,Brazil
Pauline,Murphy,Hungary
Ernestine,Hawley,Ireland
Conrad,Tawwater,Ireland
Andrea,Svec,Brazil
Gaynell,Baucom,Ireland
Milton,Limbrick,Guatemala
Trina,Hopkins,Jamaica
Ernestine,Drakeford,United Kingdom
Donte,Vanhorn,Ireland
Katherine,Sousa,Guatemala
Ronnie,Barker,Colombia
Michael,Taylor,Hungary
Tina,Evans,Latvia
Charlie,Papen,Guatemala
Paul,Shoemaker,Mexico
Kelsey,Carey,Ireland
Paul,Winters,United Kingdom
Clifford,Gang,Italy
Terrence,Keepers,Syria
Gerald,Brantley,Belgium
Tina,Stone,Costa Rica
Jimmie,Cervantes,Turkey
Joyce,Green,Ireland
Joel,Hahn,Malta
Justin,Evins,Guatemala
Kenneth,Priest,Colombia
Wesley,Dorton,Cyprus
Dorothy,Eatmon,Syria
Willie,Larosa,Lithuania
Clifford,Tran,Mexico
Willie,Sumner,Mexico
Carmine,Lusk,Latvia
Joyce,Fulmer,Ireland
Steven,Perkins,Costa Rica
Ernesto,Holloman,India
Katherine,Walker,Lithuania
Gail,Daley,Czech Republic
Ryan,Schultz,Greece
Joshua,Brooks,Luxembourg
Danielle,Lofton,Czech Republic
Dorothy,Lutz,Indonesia
Kris,Li,United Kingdom
Marc,Dean,Italy
Adam,Middleton,Latvia
Adam,Berger,Bulgaria
Gail,Yates,Turkey
Melissa,Jones,Honduras
Michael,Baker,Malta
Eric,Shelton,Australia
Trina,Hayes,Malta
Beth,Schultz,Jamaica
Maryjane,Herrman,Ireland
Kaye,Dorton,Czech Republic
Carlos,Valentin,Czech Republic
Maryjane,Lusane,Latvia
Kim,Jordan,Malta
Ernesto,Braxton,Latvia
Selma,Pearce,Indonesia
Gerry,Broomfield,Costa Rica
Maria,Tran,Brazil
Isaac,Sumner,Belgium
Marc,Roberts,Jamaica
Jimmie,Arneson,Lithuania
Melissa,Larosa,Australia
Lucille,Strickland,Greece
Norma,Paine,Costa Rica
Jamie,Paine,Honduras
Owen,Oaks,Australia
Victoria,Dawson,Australia
Kristen,Ramirez,Costa Rica
Constance,Dalley,Lithuania
Joyce,Hearnsberger,Turkey
Tristan,Castellanos,Australia
Ronald,Wright,Indonesia
Jessica,Buono,Honduras
Adam,Doolittle,Malta
Trina,Ibrahim,Latvia
Michele,Lloyd,Brazil
Michael,Taylor,United States
Willie,Baca,Hungary
James,Faucher,India
Katherine,Parker,Luxembourg
Dorothy,Ferrara,Guatemala
Paul,Guerriero,Mexico
Troy,Boykins,Australia
Billy,Broomfield,Greece
Florence,Stone,Bulgaria
Kim,Gould,Japan
Esther,Mendoza,Czech Republic
Eric,Johnson,Turkey
Valerie,Connor,Belgium
Ronald,Nunmaker,Australia
Joshua,Guerrero,Bulgaria
Kelly,Carlson,Brazil
Kenneth,Harb,Italy
Kenneth,Ballinger,United States
Kris,Lusane,United Kingdom
Melissa,Schultz,Honduras
Melissa,Watkins,United Kingdom
Steven,Steury,Syria
Lucille,Papen,United Kingdom
Charlie,Mcneil,Honduras
Constance,Leopold,Honduras
Alicia,Owens,Malta
Brian,Vaughn,Mexico
Carlos,Smart,Ireland
Ernestine,Taylor,Brazil
Isaac,Orcutt,Malta
Kris,Wizar,Greece
Kristen,Eatmon,Italy
Michele,Babcock,Czech Republic
Tristan,Polk,Italy
Donte,Maxwell,Honduras
Maria,Gummer,Cyprus
Virginia,Blizzard,Cyprus
Conrad,Lalley,Greece
Troy,Kleine,Lithuania
Charlie,Shover,Italy
Ryan,Evins,Hungary
Oscar,Green,Mexico
Carmine,Bouska,Cyprus
Trina,Farwell,Ireland
Micheal,Miles,Italy
Marc,Gould,Cyprus
Conrad,Bringle,Ireland
Owen,Slaughter,Jamaica
Michele,Mckinney,Italy
Wesley,Watkins,Lithuania
Valerie,Simmons,Bulgaria
Selma,Okafor,Malta
Carlos,Follick,Syria
Katherine,Buono,Syria
James,Dukes,Colombia
Micheal,Gailes,Hungary
Carlos,Baker,Ireland
Beth,Lawson,Luxembourg
Jessica,Dixon,Guatemala
Gerald,Connor,Honduras
Lucille,Valentin,Latvia
Billy,Sauls,Guatemala
Selma,Lucas,Guatemala
Tina,Lalley,Ireland
Jessica,Heitzman,Mexico
Michele,Lewis,Malta
James,Blizzard,Cyprus
Lydia,Berry,Guatemala
Eric,Mabry,Ireland
Carmine,Hines,Cyprus
Robert,Morgan,Guatemala
Florence,Noel,Japan
William,Gendron,Latvia
Owen,Chinn,Brazil
Micheal,Heinlein,Costa Rica
Robert,Guglielmi,Honduras
Gaynell,Heinlein,Hungary
Michael,Cole,Belgium
Owen,Lea,Greece
Carlos,Sumner,Japan
Elizabeth,Sawyer,Guatemala
Kaye,Ross,Indonesia
Gaynell,Gabel,Belgium
Billy,Gorham,Indonesia
Charles,Schindler,Luxembourg
Carlos,Schuler,United States
April,Slaughter,Mexico
Owen,Schneider,Brazil
Norma,Kelley,Czech Republic
Virgilio,Connor,Czech Republic
Paul,Hernandez,Lithuania
Michele,Polk,Ireland
Oscar,Santana,Bulgaria
Virginia,Rodriguez,Mexico
Alicia,Valentin,Ireland
Conrad,Eckhard,Latvia
Jimmie,Makins,Belgium
Ronnie,Owens,Brazil
Virgilio,Johnson,Australia
Isaac,Ross,Czech Republic
